Year,target,source,Population type,value
2014,Australia, Afghanistan,Refugees (incl. refugee-like situations),7675
2013,Australia, Afghanistan,Refugees (incl. refugee-like situations),8368
2013,Austria, Afghanistan,Refugees (incl. refugee-like situations),11906
2014,Austria, Afghanistan,Refugees (incl. refugee-like situations),11906
2013,Belgium, Afghanistan,Refugees (incl. refugee-like situations),4328
2014,Belgium, Afghanistan,Refugees (incl. refugee-like situations),5038
2013,Canada, Afghanistan,Refugees (incl. refugee-like situations),2700
2014,Canada, Afghanistan,Refugees (incl. refugee-like situations),2704
2014,Denmark, Afghanistan,Refugees (incl. refugee-like situations),2130
2013,Denmark, Afghanistan,Refugees (incl. refugee-like situations),2139
2013,Finland, Afghanistan,Refugees (incl. refugee-like situations),1357
2014,Finland, Afghanistan,Refugees (incl. refugee-like situations),1443
2013,France, Afghanistan,Refugees (incl. refugee-like situations),3213
2014,France, Afghanistan,Refugees (incl. refugee-like situations),3838
2013,Germany, Afghanistan,Refugees (incl. refugee-like situations),24203
2014,Germany, Afghanistan,Refugees (incl. refugee-like situations),27814
2014,Greece, Afghanistan,Refugees (incl. refugee-like situations),1451
2013,India, Afghanistan,Refugees (incl. refugee-like situations),10328
2014,India, Afghanistan,Refugees (incl. refugee-like situations),10395
2013,Indonesia, Afghanistan,Refugees (incl. refugee-like situations),1128
2014,Indonesia, Afghanistan,Refugees (incl. refugee-like situations),1681
2013,Iran (Islamic Rep. of), Afghanistan,Refugees (incl. refugee-like situations),814015
2014,Iran (Islamic Rep. of), Afghanistan,Refugees (incl. refugee-like situations),950000
2013,Italy, Afghanistan,Refugees (incl. refugee-like situations),6657
2014,Italy, Afghanistan,Refugees (incl. refugee-like situations),8991
2014,Netherlands, Afghanistan,Refugees (incl. refugee-like situations),6244
2013,Netherlands, Afghanistan,Refugees (incl. refugee-like situations),6269
2014,Norway, Afghanistan,Refugees (incl. refugee-like situations),5454
2013,Norway, Afghanistan,Refugees (incl. refugee-like situations),5523
2014,Pakistan, Afghanistan,Refugees (incl. refugee-like situations),1504912
2013,Pakistan, Afghanistan,Refugees (incl. refugee-like situations),1615876
2014,Russian Federation, Afghanistan,Refugees (incl. refugee-like situations),1104
2013,Russian Federation, Afghanistan,Refugees (incl. refugee-like situations),1117
2013,Sweden, Afghanistan,Refugees (incl. refugee-like situations),10499
2014,Sweden, Afghanistan,Refugees (incl. refugee-like situations),12090
2013,Switzerland, Afghanistan,Refugees (incl. refugee-like situations),2578
2014,Switzerland, Afghanistan,Refugees (incl. refugee-like situations),4119
2013,Syrian Arab Rep., Afghanistan,Refugees (incl. refugee-like situations),1141
2014,Syrian Arab Rep., Afghanistan,Refugees (incl. refugee-like situations),1214
2014,Tajikistan, Afghanistan,Refugees (incl. refugee-like situations),1975
2013,Tajikistan, Afghanistan,Refugees (incl. refugee-like situations),2004
2013,Turkey, Afghanistan,Refugees (incl. refugee-like situations),3926
2014,Turkey, Afghanistan,Refugees (incl. refugee-like situations),4188
2013,Ukraine, Afghanistan,Refugees (incl. refugee-like situations),1494
2014,Ukraine, Afghanistan,Refugees (incl. refugee-like situations),1544
2014,United Kingdom, Afghanistan,Refugees (incl. refugee-like situations),9039
2013,United Kingdom, Afghanistan,Refugees (incl. refugee-like situations),9166
2013,United States of America, Afghanistan,Refugees (incl. refugee-like situations),1071
2014,United States of America, Afghanistan,Refugees (incl. refugee-like situations),1210
2014,Canada, Albania,Refugees (incl. refugee-like situations),1530
2013,Canada, Albania,Refugees (incl. refugee-like situations),1706
2013,France, Albania,Refugees (incl. refugee-like situations),1925
2014,France, Albania,Refugees (incl. refugee-like situations),2522
2013,United Kingdom, Albania,Refugees (incl. refugee-like situations),1171
2014,United Kingdom, Albania,Refugees (incl. refugee-like situations),1346
2014,United States of America, Albania,Refugees (incl. refugee-like situations),2751
2013,United States of America, Albania,Refugees (incl. refugee-like situations),3541
2013,France, Algeria,Refugees (incl. refugee-like situations),1333
2014,France, Algeria,Refugees (incl. refugee-like situations),1353
2013,Brazil, Angola,Refugees (incl. refugee-like situations),1062
2014,Brazil, Angola,Refugees (incl. refugee-like situations),1070
2014,France, Angola,Refugees (incl. refugee-like situations),3338
2013,France, Angola,Refugees (incl. refugee-like situations),3349
2013,Switzerland, Angola,Refugees (incl. refugee-like situations),1055
2013,France, Armenia,Refugees (incl. refugee-like situations),3919
2014,France, Armenia,Refugees (incl. refugee-like situations),4063
2013,Germany, Armenia,Refugees (incl. refugee-like situations),1022
2014,Germany, Armenia,Refugees (incl. refugee-like situations),1127
2014,United States of America, Armenia,Refugees (incl. refugee-like situations),2816
2013,United States of America, Armenia,Refugees (incl. refugee-like situations),3273
2014,Armenia, Azerbaijan,Refugees (incl. refugee-like situations),1554
2013,Armenia, Azerbaijan,Refugees (incl. refugee-like situations),1607
2013,France, Azerbaijan,Refugees (incl. refugee-like situations),2709
2014,France, Azerbaijan,Refugees (incl. refugee-like situations),2771
2013,Germany, Azerbaijan,Refugees (incl. refugee-like situations),2082
2014,Germany, Azerbaijan,Refugees (incl. refugee-like situations),2167
2014,Netherlands, Azerbaijan,Refugees (incl. refugee-like situations),1136
2013,Netherlands, Azerbaijan,Refugees (incl. refugee-like situations),1260
2014,Canada, Bangladesh,Refugees (incl. refugee-like situations),1483
2013,Canada, Bangladesh,Refugees (incl. refugee-like situations),1764
2013,France, Bangladesh,Refugees (incl. refugee-like situations),3336
2014,France, Bangladesh,Refugees (incl. refugee-like situations),3717
2013,Italy, Bangladesh,Refugees (incl. refugee-like situations),1050
2014,Italy, Bangladesh,Refugees (incl. refugee-like situations),1357
2013,United Kingdom, Bangladesh,Refugees (incl. refugee-like situations),1110
2013,United States of America, Bangladesh,Refugees (incl. refugee-like situations),1069
2014,United States of America, Bangladesh,Refugees (incl. refugee-like situations),1096
2014,United States of America, Belarus,Refugees (incl. refugee-like situations),1923
2013,United States of America, Belarus,Refugees (incl. refugee-like situations),2039
2014,Nepal, Bhutan,Refugees (incl. refugee-like situations),23059
2013,Nepal, Bhutan,Refugees (incl. refugee-like situations),30977
2014,France, Bosnia and Herzegovina,Refugees (incl. refugee-like situations),4078
2013,France, Bosnia and Herzegovina,Refugees (incl. refugee-like situations),4174
2013,Germany, Bosnia and Herzegovina,Refugees (incl. refugee-like situations),1344
2014,Germany, Bosnia and Herzegovina,Refugees (incl. refugee-like situations),1381
2013,Montenegro, Bosnia and Herzegovina,Refugees (incl. refugee-like situations),1048
2014,Serbia and Kosovo (S/RES/1244 (1999)), Bosnia and Herzegovina,Refugees (incl. refugee-like situations),11325
2013,Serbia and Kosovo (S/RES/1244 (1999)), Bosnia and Herzegovina,Refugees (incl. refugee-like situations),15296
2014,Switzerland, Bosnia and Herzegovina,Refugees (incl. refugee-like situations),2460
2013,Switzerland, Bosnia and Herzegovina,Refugees (incl. refugee-like situations),2603
2014,Canada, Burundi,Refugees (incl. refugee-like situations),2114
2013,Canada, Burundi,Refugees (incl. refugee-like situations),2278
2014,Dem. Rep. of the Congo, Burundi,Refugees (incl. refugee-like situations),9259
2013,Dem. Rep. of the Congo, Burundi,Refugees (incl. refugee-like situations),9762
2013,Kenya, Burundi,Refugees (incl. refugee-like situations),1167
2013,Malawi, Burundi,Refugees (incl. refugee-like situations),1325
2014,Malawi, Burundi,Refugees (incl. refugee-like situations),1335
2014,Netherlands, Burundi,Refugees (incl. refugee-like situations),1131
2013,Netherlands, Burundi,Refugees (incl. refugee-like situations),1415
2013,South Africa, Burundi,Refugees (incl. refugee-like situations),2330
2014,South Africa, Burundi,Refugees (incl. refugee-like situations),3653
2013,Sweden, Burundi,Refugees (incl. refugee-like situations),1069
2013,Uganda, Burundi,Refugees (incl. refugee-like situations),10587
2014,Uganda, Burundi,Refugees (incl. refugee-like situations),11903
2014,United Rep. of Tanzania, Burundi,Refugees (incl. refugee-like situations),34313
2013,United Rep. of Tanzania, Burundi,Refugees (incl. refugee-like situations),35183
2013,Zambia, Burundi,Refugees (incl. refugee-like situations),2435
2014,Zambia, Burundi,Refugees (incl. refugee-like situations),2501
2014,France, Cambodia,Refugees (incl. refugee-like situations),12003
2013,France, Cambodia,Refugees (incl. refugee-like situations),12560
2014,United States of America, Cameroon,Refugees (incl. refugee-like situations),5016
2013,United States of America, Cameroon,Refugees (incl. refugee-like situations),5714
2013,Cameroon, Central African Rep.,Refugees (incl. refugee-like situations),103892
2014,Cameroon, Central African Rep.,Refugees (incl. refugee-like situations),220702
2013,Chad, Central African Rep.,Refugees (incl. refugee-like situations),80545
2014,Chad, Central African Rep.,Refugees (incl. refugee-like situations),91783
2013,Congo, Central African Rep.,Refugees (incl. refugee-like situations),10084
2014,Congo, Central African Rep.,Refugees (incl. refugee-like situations),21695
2013,Dem. Rep. of the Congo, Central African Rep.,Refugees (incl. refugee-like situations),53385
2014,Dem. Rep. of the Congo, Central African Rep.,Refugees (incl. refugee-like situations),68165
2014,France, Central African Rep.,Refugees (incl. refugee-like situations),1004
2013,South Sudan, Central African Rep.,Refugees (incl. refugee-like situations),1634
2014,South Sudan, Central African Rep.,Refugees (incl. refugee-like situations),2040
2013,Sudan, Central African Rep.,Refugees (incl. refugee-like situations),2183
2014,Sudan, Central African Rep.,Refugees (incl. refugee-like situations),4113
2013,Cameroon, Chad,Refugees (incl. refugee-like situations),1721
2014,Cameroon, Chad,Refugees (incl. refugee-like situations),1738
2013,France, Chad,Refugees (incl. refugee-like situations),1172
2014,France, Chad,Refugees (incl. refugee-like situations),1197
2013,Sudan, Chad,Refugees (incl. refugee-like situations),41666
2014,Sudan, Chad,Refugees (incl. refugee-like situations),42334
2013,Australia, China,Refugees (incl. refugee-like situations),2820
2014,Australia, China,Refugees (incl. refugee-like situations),2883
2014,Belgium, China,Refugees (incl. refugee-like situations),1051
2014,Canada, China,Refugees (incl. refugee-like situations),13231
2013,Canada, China,Refugees (incl. refugee-like situations),15344
2013,France, China,Refugees (incl. refugee-like situations),1904
2014,France, China,Refugees (incl. refugee-like situations),2476
2013,Germany, China,Refugees (incl. refugee-like situations),1490
2014,Germany, China,Refugees (incl. refugee-like situations),1530
2013,India, China,Refugees (incl. refugee-like situations),100003
2014,India, China,Refugees (incl. refugee-like situations),109018
2013,Netherlands, China,Refugees (incl. refugee-like situations),1217
2014,Netherlands, China,Refugees (incl. refugee-like situations),1259
2013,Switzerland, China,Refugees (incl. refugee-like situations),1684
2014,Switzerland, China,Refugees (incl. refugee-like situations),3344
2014,United Kingdom, China,Refugees (incl. refugee-like situations),1844
2013,United Kingdom, China,Refugees (incl. refugee-like situations),1966
2013,United States of America, China,Refugees (incl. refugee-like situations),65558
2014,United States of America, China,Refugees (incl. refugee-like situations),71902
2013,France, C눅te d'Ivoire,Refugees (incl. refugee-like situations),2410
2014,France, C눅te d'Ivoire,Refugees (incl. refugee-like situations),2516
2013,Ghana, C눅te d'Ivoire,Refugees (incl. refugee-like situations),9567
2014,Ghana, C눅te d'Ivoire,Refugees (incl. refugee-like situations),9779
2013,Guinea, C눅te d'Ivoire,Refugees (incl. refugee-like situations),6493
2014,Guinea, C눅te d'Ivoire,Refugees (incl. refugee-like situations),6580
2013,Italy, C눅te d'Ivoire,Refugees (incl. refugee-like situations),4159
2014,Italy, C눅te d'Ivoire,Refugees (incl. refugee-like situations),4603
2014,Liberia, C눅te d'Ivoire,Refugees (incl. refugee-like situations),38109
2013,Liberia, C눅te d'Ivoire,Refugees (incl. refugee-like situations),52786
2014,Mali, C눅te d'Ivoire,Refugees (incl. refugee-like situations),1088
2013,Mali, C눅te d'Ivoire,Refugees (incl. refugee-like situations),1110
2013,Togo, C눅te d'Ivoire,Refugees (incl. refugee-like situations),2433
2014,Togo, C눅te d'Ivoire,Refugees (incl. refugee-like situations),2558
2014,United States of America, C눅te d'Ivoire,Refugees (incl. refugee-like situations),1709
2013,United States of America, C눅te d'Ivoire,Refugees (incl. refugee-like situations),1788
2013,Brazil, Colombia,Refugees (incl. refugee-like situations),1147
2014,Brazil, Colombia,Refugees (incl. refugee-like situations),1200
2014,Canada, Colombia,Refugees (incl. refugee-like situations),16428
2013,Canada, Colombia,Refugees (incl. refugee-like situations),17381
2013,Costa Rica, Colombia,Refugees (incl. refugee-like situations),16586
2014,Costa Rica, Colombia,Refugees (incl. refugee-like situations),16623
2014,Ecuador, Colombia,Refugees (incl. refugee-like situations),121317
2013,Ecuador, Colombia,Refugees (incl. refugee-like situations),122359
2014,Panama, Colombia,Refugees (incl. refugee-like situations),15551
2013,Panama, Colombia,Refugees (incl. refugee-like situations),15957
2014,United States of America, Colombia,Refugees (incl. refugee-like situations),10552
2013,United States of America, Colombia,Refugees (incl. refugee-like situations),13913
2014,Venezuela (Bolivarian Republic of), Colombia,Refugees (incl. refugee-like situations),173519
2013,Venezuela (Bolivarian Republic of), Colombia,Refugees (incl. refugee-like situations),204259
2014,France, Congo,Refugees (incl. refugee-like situations),3252
2013,France, Congo,Refugees (incl. refugee-like situations),3371
2013,South Africa, Congo,Refugees (incl. refugee-like situations),2646
2014,South Africa, Congo,Refugees (incl. refugee-like situations),6035
2014,United States of America, Congo,Refugees (incl. refugee-like situations),1351
2013,United States of America, Congo,Refugees (incl. refugee-like situations),1491
2014,Bosnia and Herzegovina, Croatia,Refugees (incl. refugee-like situations),6703
2013,Bosnia and Herzegovina, Croatia,Refugees (incl. refugee-like situations),6709
2014,Serbia and Kosovo (S/RES/1244 (1999)), Croatia,Refugees (incl. refugee-like situations),32408
2013,Serbia and Kosovo (S/RES/1244 (1999)), Croatia,Refugees (incl. refugee-like situations),41762
2014,Canada, Cuba,Refugees (incl. refugee-like situations),1618
2013,Canada, Cuba,Refugees (incl. refugee-like situations),1674
2013,Panama, Cuba,Refugees (incl. refugee-like situations),1116
2014,Panama, Cuba,Refugees (incl. refugee-like situations),1118
2014,Angola, Dem. Rep. of the Congo,Refugees (incl. refugee-like situations),12944
2013,Angola, Dem. Rep. of the Congo,Refugees (incl. refugee-like situations),21104
2014,Belgium, Dem. Rep. of the Congo,Refugees (incl. refugee-like situations),1100
2013,Burundi, Dem. Rep. of the Congo,Refugees (incl. refugee-like situations),45124
2014,Burundi, Dem. Rep. of the Congo,Refugees (incl. refugee-like situations),52631
2014,Canada, Dem. Rep. of the Congo,Refugees (incl. refugee-like situations),3544
2013,Canada, Dem. Rep. of the Congo,Refugees (incl. refugee-like situations),3874
2014,Central African Rep., Dem. Rep. of the Congo,Refugees (incl. refugee-like situations),5342
2013,Central African Rep., Dem. Rep. of the Congo,Refugees (incl. refugee-like situations),10992
2014,Congo, Dem. Rep. of the Congo,Refugees (incl. refugee-like situations),23376
2013,Congo, Dem. Rep. of the Congo,Refugees (incl. refugee-like situations),31936
2013,France, Dem. Rep. of the Congo,Refugees (incl. refugee-like situations),13513
2014,France, Dem. Rep. of the Congo,Refugees (incl. refugee-like situations),13727
2014,Germany, Dem. Rep. of the Congo,Refugees (incl. refugee-like situations),1646
2013,Germany, Dem. Rep. of the Congo,Refugees (incl. refugee-like situations),1672
2013,Kenya, Dem. Rep. of the Congo,Refugees (incl. refugee-like situations),8076
2014,Kenya, Dem. Rep. of the Congo,Refugees (incl. refugee-like situations),9324
2013,Malawi, Dem. Rep. of the Congo,Refugees (incl. refugee-like situations),2485
2014,Malawi, Dem. Rep. of the Congo,Refugees (incl. refugee-like situations),2511
2013,Mozambique, Dem. Rep. of the Congo,Refugees (incl. refugee-like situations),2578
2014,Mozambique, Dem. Rep. of the Congo,Refugees (incl. refugee-like situations),2651
2014,Namibia, Dem. Rep. of the Congo,Refugees (incl. refugee-like situations),1384
2013,Namibia, Dem. Rep. of the Congo,Refugees (incl. refugee-like situations),1900
2013,Rwanda, Dem. Rep. of the Congo,Refugees (incl. refugee-like situations),72988
2014,Rwanda, Dem. Rep. of the Congo,Refugees (incl. refugee-like situations),73400
2013,South Africa, Dem. Rep. of the Congo,Refugees (incl. refugee-like situations),14414
2014,South Africa, Dem. Rep. of the Congo,Refugees (incl. refugee-like situations),30125
2013,South Sudan, Dem. Rep. of the Congo,Refugees (incl. refugee-like situations),13933
2014,South Sudan, Dem. Rep. of the Congo,Refugees (incl. refugee-like situations),15485
2013,Switzerland, Dem. Rep. of the Congo,Refugees (incl. refugee-like situations),1287
2014,Switzerland, Dem. Rep. of the Congo,Refugees (incl. refugee-like situations),1337
2013,Uganda, Dem. Rep. of the Congo,Refugees (incl. refugee-like situations),155742
2014,Uganda, Dem. Rep. of the Congo,Refugees (incl. refugee-like situations),178217
2014,United Kingdom, Dem. Rep. of the Congo,Refugees (incl. refugee-like situations),1869
2013,United Kingdom, Dem. Rep. of the Congo,Refugees (incl. refugee-like situations),2409
2014,United Rep. of Tanzania, Dem. Rep. of the Congo,Refugees (incl. refugee-like situations),53881
2013,United Rep. of Tanzania, Dem. Rep. of the Congo,Refugees (incl. refugee-like situations),64569
2013,Zambia, Dem. Rep. of the Congo,Refugees (incl. refugee-like situations),16684
2014,Zambia, Dem. Rep. of the Congo,Refugees (incl. refugee-like situations),18598
2013,Zimbabwe, Dem. Rep. of the Congo,Refugees (incl. refugee-like situations),4725
2014,Zimbabwe, Dem. Rep. of the Congo,Refugees (incl. refugee-like situations),4866
2013,Australia, Egypt,Refugees (incl. refugee-like situations),1132
2014,Australia, Egypt,Refugees (incl. refugee-like situations),1370
2014,Italy, Egypt,Refugees (incl. refugee-like situations),1145
2013,United States of America, Egypt,Refugees (incl. refugee-like situations),8497
2014,United States of America, Egypt,Refugees (incl. refugee-like situations),10047
2013,Canada, El Salvador,Refugees (incl. refugee-like situations),1223
2014,Canada, El Salvador,Refugees (incl. refugee-like situations),1301
2013,United States of America, El Salvador,Refugees (incl. refugee-like situations),7208
2014,United States of America, El Salvador,Refugees (incl. refugee-like situations),8256
2013,Canada, Eritrea,Refugees (incl. refugee-like situations),1676
2014,Canada, Eritrea,Refugees (incl. refugee-like situations),1750
2013,Egypt, Eritrea,Refugees (incl. refugee-like situations),1523
2014,Egypt, Eritrea,Refugees (incl. refugee-like situations),1625
2013,Ethiopia, Eritrea,Refugees (incl. refugee-like situations),84377
2014,Ethiopia, Eritrea,Refugees (incl. refugee-like situations),123784
2013,France, Eritrea,Refugees (incl. refugee-like situations),1508
2014,France, Eritrea,Refugees (incl. refugee-like situations),1671
2013,Germany, Eritrea,Refugees (incl. refugee-like situations),3984
2014,Germany, Eritrea,Refugees (incl. refugee-like situations),4716
2014,Israel, Eritrea,Refugees (incl. refugee-like situations),32668
2013,Israel, Eritrea,Refugees (incl. refugee-like situations),35214
2013,Italy, Eritrea,Refugees (incl. refugee-like situations),12666
2014,Italy, Eritrea,Refugees (incl. refugee-like situations),13357
2014,Kenya, Eritrea,Refugees (incl. refugee-like situations),1333
2013,Kenya, Eritrea,Refugees (incl. refugee-like situations),1432
2013,Malta, Eritrea,Refugees (incl. refugee-like situations),2212
2013,Netherlands, Eritrea,Refugees (incl. refugee-like situations),2807
2014,Netherlands, Eritrea,Refugees (incl. refugee-like situations),6294
2013,Norway, Eritrea,Refugees (incl. refugee-like situations),9344
2014,Norway, Eritrea,Refugees (incl. refugee-like situations),11202
2014,South Africa, Eritrea,Refugees (incl. refugee-like situations),2219
2014,Sudan, Eritrea,Refugees (incl. refugee-like situations),109196
2013,Sudan, Eritrea,Refugees (incl. refugee-like situations),109640
2013,Sweden, Eritrea,Refugees (incl. refugee-like situations),8954
2014,Sweden, Eritrea,Refugees (incl. refugee-like situations),14107
2013,Switzerland, Eritrea,Refugees (incl. refugee-like situations),13106
2014,Switzerland, Eritrea,Refugees (incl. refugee-like situations),16091
2013,Uganda, Eritrea,Refugees (incl. refugee-like situations),1992
2014,Uganda, Eritrea,Refugees (incl. refugee-like situations),2600
2013,United Kingdom, Eritrea,Refugees (incl. refugee-like situations),10010
2014,United Kingdom, Eritrea,Refugees (incl. refugee-like situations),11583
2013,United States of America, Eritrea,Refugees (incl. refugee-like situations),3619
2014,United States of America, Eritrea,Refugees (incl. refugee-like situations),3868
2013,Yemen, Eritrea,Refugees (incl. refugee-like situations),1009
2014,Yemen, Eritrea,Refugees (incl. refugee-like situations),1254
2014,Canada, Ethiopia,Refugees (incl. refugee-like situations),2155
2013,Canada, Ethiopia,Refugees (incl. refugee-like situations),2163
2013,Egypt, Ethiopia,Refugees (incl. refugee-like situations),1029
2014,Egypt, Ethiopia,Refugees (incl. refugee-like situations),1138
2013,Germany, Ethiopia,Refugees (incl. refugee-like situations),2639
2014,Germany, Ethiopia,Refugees (incl. refugee-like situations),2695
2013,Italy, Ethiopia,Refugees (incl. refugee-like situations),2291
2014,Italy, Ethiopia,Refugees (incl. refugee-like situations),2354
2014,Kenya, Ethiopia,Refugees (incl. refugee-like situations),21250
2013,Kenya, Ethiopia,Refugees (incl. refugee-like situations),23524
2013,Norway, Ethiopia,Refugees (incl. refugee-like situations),1774
2014,Norway, Ethiopia,Refugees (incl. refugee-like situations),1884
2013,Somalia, Ethiopia,Refugees (incl. refugee-like situations),2305
2014,Somalia, Ethiopia,Refugees (incl. refugee-like situations),2606
2013,South Africa, Ethiopia,Refugees (incl. refugee-like situations),7582
2014,South Africa, Ethiopia,Refugees (incl. refugee-like situations),18830
2014,South Sudan, Ethiopia,Refugees (incl. refugee-like situations),4900
2013,South Sudan, Ethiopia,Refugees (incl. refugee-like situations),5890
2013,Sudan, Ethiopia,Refugees (incl. refugee-like situations),5108
2014,Sudan, Ethiopia,Refugees (incl. refugee-like situations),5495
2014,Uganda, Ethiopia,Refugees (incl. refugee-like situations),1265
2013,United Kingdom, Ethiopia,Refugees (incl. refugee-like situations),1122
2014,United States of America, Ethiopia,Refugees (incl. refugee-like situations),10384
2013,United States of America, Ethiopia,Refugees (incl. refugee-like situations),10472
2013,Yemen, Ethiopia,Refugees (incl. refugee-like situations),5740
2014,Yemen, Ethiopia,Refugees (incl. refugee-like situations),5934
2014,Italy, Gambia,Refugees (incl. refugee-like situations),1923
2014,United Kingdom, Gambia,Refugees (incl. refugee-like situations),1102
2013,United States of America, Gambia,Refugees (incl. refugee-like situations),1133
2014,United States of America, Gambia,Refugees (incl. refugee-like situations),1264
2013,France, Georgia,Refugees (incl. refugee-like situations),2571
2014,France, Georgia,Refugees (incl. refugee-like situations),2714
2013,Italy, Ghana,Refugees (incl. refugee-like situations),1441
2014,Italy, Ghana,Refugees (incl. refugee-like situations),1733
2013,Togo, Ghana,Refugees (incl. refugee-like situations),17746
2014,Togo, Ghana,Refugees (incl. refugee-like situations),18444
2013,United States of America, Guatemala,Refugees (incl. refugee-like situations),5292
2014,United States of America, Guatemala,Refugees (incl. refugee-like situations),6098
2013,Belgium, Guinea,Refugees (incl. refugee-like situations),2290
2014,Belgium, Guinea,Refugees (incl. refugee-like situations),2550
2013,France, Guinea,Refugees (incl. refugee-like situations),4668
2014,France, Guinea,Refugees (incl. refugee-like situations),5201
2014,Italy, Guinea,Refugees (incl. refugee-like situations),1026
2014,United States of America, Guinea,Refugees (incl. refugee-like situations),3145
2013,United States of America, Guinea,Refugees (incl. refugee-like situations),3466
2013,Canada, Haiti,Refugees (incl. refugee-like situations),7872
2014,Canada, Haiti,Refugees (incl. refugee-like situations),8422
2014,France, Haiti,Refugees (incl. refugee-like situations),3523
2013,France, Haiti,Refugees (incl. refugee-like situations),3741
2014,United States of America, Haiti,Refugees (incl. refugee-like situations),24170
2013,United States of America, Haiti,Refugees (incl. refugee-like situations),25891
2013,United States of America, Honduras,Refugees (incl. refugee-like situations),2122
2014,United States of America, Honduras,Refugees (incl. refugee-like situations),2797
2014,Canada, India,Refugees (incl. refugee-like situations),4292
2013,Canada, India,Refugees (incl. refugee-like situations),4988
2014,United States of America, India,Refugees (incl. refugee-like situations),4484
2013,United States of America, India,Refugees (incl. refugee-like situations),4500
2013,Papua New Guinea, Indonesia,Refugees (incl. refugee-like situations),9368
2014,Papua New Guinea, Indonesia,Refugees (incl. refugee-like situations),9368
2014,United States of America, Indonesia,Refugees (incl. refugee-like situations),3604
2013,United States of America, Indonesia,Refugees (incl. refugee-like situations),4027
2013,Australia, Iran (Islamic Rep. of),Refugees (incl. refugee-like situations),4596
2014,Australia, Iran (Islamic Rep. of),Refugees (incl. refugee-like situations),4900
2013,Austria, Iran (Islamic Rep. of),Refugees (incl. refugee-like situations),3188
2014,Austria, Iran (Islamic Rep. of),Refugees (incl. refugee-like situations),3188
2014,Canada, Iran (Islamic Rep. of),Refugees (incl. refugee-like situations),2834
2013,Canada, Iran (Islamic Rep. of),Refugees (incl. refugee-like situations),3033
2013,Denmark, Iran (Islamic Rep. of),Refugees (incl. refugee-like situations),1842
2014,Denmark, Iran (Islamic Rep. of),Refugees (incl. refugee-like situations),1912
2013,France, Iran (Islamic Rep. of),Refugees (incl. refugee-like situations),2311
2014,France, Iran (Islamic Rep. of),Refugees (incl. refugee-like situations),2359
2013,Germany, Iran (Islamic Rep. of),Refugees (incl. refugee-like situations),17150
2014,Germany, Iran (Islamic Rep. of),Refugees (incl. refugee-like situations),18814
2013,Iraq, Iran (Islamic Rep. of),Refugees (incl. refugee-like situations),7992
2014,Iraq, Iran (Islamic Rep. of),Refugees (incl. refugee-like situations),11053
2013,Italy, Iran (Islamic Rep. of),Refugees (incl. refugee-like situations),1127
2014,Italy, Iran (Islamic Rep. of),Refugees (incl. refugee-like situations),1412
2013,Netherlands, Iran (Islamic Rep. of),Refugees (incl. refugee-like situations),4148
2014,Netherlands, Iran (Islamic Rep. of),Refugees (incl. refugee-like situations),4207
2013,Norway, Iran (Islamic Rep. of),Refugees (incl. refugee-like situations),1478
2014,Norway, Iran (Islamic Rep. of),Refugees (incl. refugee-like situations),1479
2013,Sweden, Iran (Islamic Rep. of),Refugees (incl. refugee-like situations),3763
2014,Sweden, Iran (Islamic Rep. of),Refugees (incl. refugee-like situations),4152
2013,Switzerland, Iran (Islamic Rep. of),Refugees (incl. refugee-like situations),1355
2014,Switzerland, Iran (Islamic Rep. of),Refugees (incl. refugee-like situations),1486
2013,Turkey, Iran (Islamic Rep. of),Refugees (incl. refugee-like situations),3321
2014,Turkey, Iran (Islamic Rep. of),Refugees (incl. refugee-like situations),3388
2013,United Kingdom, Iran (Islamic Rep. of),Refugees (incl. refugee-like situations),11368
2014,United Kingdom, Iran (Islamic Rep. of),Refugees (incl. refugee-like situations),11510
2013,United States of America, Iran (Islamic Rep. of),Refugees (incl. refugee-like situations),4492
2014,United States of America, Iran (Islamic Rep. of),Refugees (incl. refugee-like situations),4848
2013,Australia, Iraq,Refugees (incl. refugee-like situations),2963
2014,Australia, Iraq,Refugees (incl. refugee-like situations),3121
2013,Austria, Iraq,Refugees (incl. refugee-like situations),2966
2014,Austria, Iraq,Refugees (incl. refugee-like situations),2966
2013,Belgium, Iraq,Refugees (incl. refugee-like situations),3058
2014,Belgium, Iraq,Refugees (incl. refugee-like situations),3357
2013,Bulgaria, Iraq,Refugees (incl. refugee-like situations),1200
2014,Bulgaria, Iraq,Refugees (incl. refugee-like situations),1207
2014,Canada, Iraq,Refugees (incl. refugee-like situations),1643
2013,Canada, Iraq,Refugees (incl. refugee-like situations),1730
2013,Denmark, Iraq,Refugees (incl. refugee-like situations),1034
2014,Egypt, Iraq,Refugees (incl. refugee-like situations),5149
2013,Egypt, Iraq,Refugees (incl. refugee-like situations),5506
2013,Finland, Iraq,Refugees (incl. refugee-like situations),3448
2014,Finland, Iraq,Refugees (incl. refugee-like situations),3607
2013,France, Iraq,Refugees (incl. refugee-like situations),2677
2014,France, Iraq,Refugees (incl. refugee-like situations),2991
2013,Germany, Iraq,Refugees (incl. refugee-like situations),40230
2014,Germany, Iraq,Refugees (incl. refugee-like situations),41167
2013,Greece, Iraq,Refugees (incl. refugee-like situations),1019
2014,Greece, Iraq,Refugees (incl. refugee-like situations),1242
2014,Iran (Islamic Rep. of), Iraq,Refugees (incl. refugee-like situations),32000
2013,Iran (Islamic Rep. of), Iraq,Refugees (incl. refugee-like situations),43268
2013,Italy, Iraq,Refugees (incl. refugee-like situations),2294
2014,Italy, Iraq,Refugees (incl. refugee-like situations),2913
2014,Jordan, Iraq,Refugees (incl. refugee-like situations),29263
2013,Jordan, Iraq,Refugees (incl. refugee-like situations),55509
2013,Lebanon, Iraq,Refugees (incl. refugee-like situations),4944
2014,Lebanon, Iraq,Refugees (incl. refugee-like situations),5986
2014,Libya, Iraq,Refugees (incl. refugee-like situations),2520
2013,Libya, Iraq,Refugees (incl. refugee-like situations),2530
2014,Netherlands, Iraq,Refugees (incl. refugee-like situations),14396
2013,Netherlands, Iraq,Refugees (incl. refugee-like situations),15533
2014,Norway, Iraq,Refugees (incl. refugee-like situations),5190
2013,Norway, Iraq,Refugees (incl. refugee-like situations),5679
2013,Sweden, Iraq,Refugees (incl. refugee-like situations),24006
2014,Sweden, Iraq,Refugees (incl. refugee-like situations),24184
2014,Switzerland, Iraq,Refugees (incl. refugee-like situations),3751
2013,Switzerland, Iraq,Refugees (incl. refugee-like situations),3883
2013,Syrian Arab Rep., Iraq,Refugees (incl. refugee-like situations),146200
2014,Syrian Arab Rep., Iraq,Refugees (incl. refugee-like situations),146200
2013,Turkey, Iraq,Refugees (incl. refugee-like situations),13467
2014,Turkey, Iraq,Refugees (incl. refugee-like situations),17542
2014,United Kingdom, Iraq,Refugees (incl. refugee-like situations),2951
2013,United Kingdom, Iraq,Refugees (incl. refugee-like situations),3193
2013,United States of America, Iraq,Refugees (incl. refugee-like situations),4863
2014,United States of America, Iraq,Refugees (incl. refugee-like situations),5284
2014,Yemen, Iraq,Refugees (incl. refugee-like situations),3391
2013,Yemen, Iraq,Refugees (incl. refugee-like situations),3416
2013,Canada, Kenya,Refugees (incl. refugee-like situations),1019
2014,Ethiopia, Kenya,Refugees (incl. refugee-like situations),2728
2013,Ethiopia, Kenya,Refugees (incl. refugee-like situations),2894
2013,Uganda, Kenya,Refugees (incl. refugee-like situations),1197
2014,Uganda, Kenya,Refugees (incl. refugee-like situations),1274
2014,United States of America, Kenya,Refugees (incl. refugee-like situations),2305
2013,United States of America, Kenya,Refugees (incl. refugee-like situations),2365
2014,France, Lao People's Dem. Rep.,Refugees (incl. refugee-like situations),7036
2013,France, Lao People's Dem. Rep.,Refugees (incl. refugee-like situations),7261
2014,Canada, Lebanon,Refugees (incl. refugee-like situations),1024
2013,Canada, Lebanon,Refugees (incl. refugee-like situations),1103
2014,C눅te d'Ivoire, Liberia,Refugees (incl. refugee-like situations),1086
2013,C눅te d'Ivoire, Liberia,Refugees (incl. refugee-like situations),2366
2013,Ghana, Liberia,Refugees (incl. refugee-like situations),5249
2014,Ghana, Liberia,Refugees (incl. refugee-like situations),5262
2013,Guinea, Liberia,Refugees (incl. refugee-like situations),1761
2014,Guinea, Liberia,Refugees (incl. refugee-like situations),1787
2013,Italy, Liberia,Refugees (incl. refugee-like situations),1367
2014,Sierra Leone, Liberia,Refugees (incl. refugee-like situations),1326
2013,Sierra Leone, Liberia,Refugees (incl. refugee-like situations),2776
2014,United States of America, Liberia,Refugees (incl. refugee-like situations),1357
2013,United States of America, Liberia,Refugees (incl. refugee-like situations),1685
2013,Burkina Faso, Mali,Refugees (incl. refugee-like situations),28684
2014,Burkina Faso, Mali,Refugees (incl. refugee-like situations),31604
2013,France, Mali,Refugees (incl. refugee-like situations),3719
2014,France, Mali,Refugees (incl. refugee-like situations),3934
2013,Italy, Mali,Refugees (incl. refugee-like situations),3569
2014,Italy, Mali,Refugees (incl. refugee-like situations),5552
2014,Mauritania, Mali,Refugees (incl. refugee-like situations),48912
2013,Mauritania, Mali,Refugees (incl. refugee-like situations),66393
2014,Niger, Mali,Refugees (incl. refugee-like situations),47466
2013,Niger, Mali,Refugees (incl. refugee-like situations),48928
2013,United States of America, Mali,Refugees (incl. refugee-like situations),1071
2014,United States of America, Mali,Refugees (incl. refugee-like situations),1178
2014,France, Mauritania,Refugees (incl. refugee-like situations),5058
2013,France, Mauritania,Refugees (incl. refugee-like situations),5101
2013,Mali, Mauritania,Refugees (incl. refugee-like situations),12897
2014,Mali, Mauritania,Refugees (incl. refugee-like situations),12898
2014,Senegal, Mauritania,Refugees (incl. refugee-like situations),13699
2013,Senegal, Mauritania,Refugees (incl. refugee-like situations),13703
2014,United States of America, Mauritania,Refugees (incl. refugee-like situations),1327
2013,United States of America, Mauritania,Refugees (incl. refugee-like situations),1544
2013,Canada, Mexico,Refugees (incl. refugee-like situations),6512
2014,Canada, Mexico,Refugees (incl. refugee-like situations),6762
2013,United States of America, Mexico,Refugees (incl. refugee-like situations),2795
2014,United States of America, Mexico,Refugees (incl. refugee-like situations),3807
2013,Bangladesh, Myanmar,Refugees (incl. refugee-like situations),231125
2014,Bangladesh, Myanmar,Refugees (incl. refugee-like situations),232462
2013,India, Myanmar,Refugees (incl. refugee-like situations),11122
2014,India, Myanmar,Refugees (incl. refugee-like situations),14301
2013,Japan, Myanmar,Refugees (incl. refugee-like situations),1831
2014,Japan, Myanmar,Refugees (incl. refugee-like situations),1889
2013,Malaysia, Myanmar,Refugees (incl. refugee-like situations),92287
2014,Malaysia, Myanmar,Refugees (incl. refugee-like situations),93866
2014,Thailand, Myanmar,Refugees (incl. refugee-like situations),128863
2013,Thailand, Myanmar,Refugees (incl. refugee-like situations),135476
2014,United States of America, Myanmar,Refugees (incl. refugee-like situations),2204
2013,United States of America, Myanmar,Refugees (incl. refugee-like situations),2471
2013,Canada, Nepal,Refugees (incl. refugee-like situations),1212
2014,Canada, Nepal,Refugees (incl. refugee-like situations),1223
2013,United States of America, Nepal,Refugees (incl. refugee-like situations),5771
2014,United States of America, Nepal,Refugees (incl. refugee-like situations),6197
2013,Cameroon, Nigeria,Refugees (incl. refugee-like situations),7459
2014,Cameroon, Nigeria,Refugees (incl. refugee-like situations),39968
2013,Canada, Nigeria,Refugees (incl. refugee-like situations),4441
2014,Canada, Nigeria,Refugees (incl. refugee-like situations),4683
2014,Chad, Nigeria,Refugees (incl. refugee-like situations),2930
2014,France, Nigeria,Refugees (incl. refugee-like situations),1102
2013,Italy, Nigeria,Refugees (incl. refugee-like situations),4192
2014,Italy, Nigeria,Refugees (incl. refugee-like situations),6293
2013,Niger, Nigeria,Refugees (incl. refugee-like situations),8385
2014,Niger, Nigeria,Refugees (incl. refugee-like situations),30000
2013,United Kingdom, Nigeria,Refugees (incl. refugee-like situations),1244
2014,United Kingdom, Nigeria,Refugees (incl. refugee-like situations),1469
2013,Afghanistan, Pakistan,Refugees (incl. refugee-like situations),16825
2014,Afghanistan, Pakistan,Refugees (incl. refugee-like situations),300385
2013,Australia, Pakistan,Refugees (incl. refugee-like situations),2608
2014,Australia, Pakistan,Refugees (incl. refugee-like situations),3024
2014,Canada, Pakistan,Refugees (incl. refugee-like situations),8613
2013,Canada, Pakistan,Refugees (incl. refugee-like situations),10641
2013,Germany, Pakistan,Refugees (incl. refugee-like situations),3387
2014,Germany, Pakistan,Refugees (incl. refugee-like situations),4331
2013,Italy, Pakistan,Refugees (incl. refugee-like situations),3367
2014,Italy, Pakistan,Refugees (incl. refugee-like situations),5764
2013,United Kingdom, Pakistan,Refugees (incl. refugee-like situations),5297
2014,United Kingdom, Pakistan,Refugees (incl. refugee-like situations),5669
2013,United States of America, Pakistan,Refugees (incl. refugee-like situations),2997
2014,United States of America, Pakistan,Refugees (incl. refugee-like situations),3009
2014,Algeria, Palestinian,Refugees (incl. refugee-like situations),4016
2013,Algeria, Palestinian,Refugees (incl. refugee-like situations),4017
2013,Cyprus, Palestinian,Refugees (incl. refugee-like situations),1723
2014,Cyprus, Palestinian,Refugees (incl. refugee-like situations),1739
2014,Egypt, Palestinian,Refugees (incl. refugee-like situations),70023
2013,Egypt, Palestinian,Refugees (incl. refugee-like situations),70026
2014,Iraq, Palestinian,Refugees (incl. refugee-like situations),9246
2013,Iraq, Palestinian,Refugees (incl. refugee-like situations),9992
2013,Libya, Palestinian,Refugees (incl. refugee-like situations),4815
2014,Libya, Palestinian,Refugees (incl. refugee-like situations),5391
2014,Canada, Peru,Refugees (incl. refugee-like situations),1505
2013,Canada, Peru,Refugees (incl. refugee-like situations),1757
2013,United States of America, Rep. of Moldova,Refugees (incl. refugee-like situations),1028
2014,United States of America, Rep. of Moldova,Refugees (incl. refugee-like situations),1138
2013,Austria, Russian Federation,Refugees (incl. refugee-like situations),19577
2014,Austria, Russian Federation,Refugees (incl. refugee-like situations),19577
2013,Belgium, Russian Federation,Refugees (incl. refugee-like situations),2177
2014,Belgium, Russian Federation,Refugees (incl. refugee-like situations),2193
2014,Canada, Russian Federation,Refugees (incl. refugee-like situations),1315
2013,Canada, Russian Federation,Refugees (incl. refugee-like situations),1527
2013,Denmark, Russian Federation,Refugees (incl. refugee-like situations),1023
2014,Denmark, Russian Federation,Refugees (incl. refugee-like situations),1051
2013,France, Russian Federation,Refugees (incl. refugee-like situations),12795
2014,France, Russian Federation,Refugees (incl. refugee-like situations),13644
2013,Germany, Russian Federation,Refugees (incl. refugee-like situations),4358
2014,Germany, Russian Federation,Refugees (incl. refugee-like situations),4608
2014,Norway, Russian Federation,Refugees (incl. refugee-like situations),2328
2013,Norway, Russian Federation,Refugees (incl. refugee-like situations),3334
2014,Poland, Russian Federation,Refugees (incl. refugee-like situations),14277
2013,Poland, Russian Federation,Refugees (incl. refugee-like situations),15149
2013,Sweden, Russian Federation,Refugees (incl. refugee-like situations),1941
2014,Sweden, Russian Federation,Refugees (incl. refugee-like situations),2014
2014,United States of America, Russian Federation,Refugees (incl. refugee-like situations),6163
2013,United States of America, Russian Federation,Refugees (incl. refugee-like situations),6461
2014,Canada, Rwanda,Refugees (incl. refugee-like situations),1647
2013,Canada, Rwanda,Refugees (incl. refugee-like situations),1655
2013,Congo, Rwanda,Refugees (incl. refugee-like situations),8496
2014,Congo, Rwanda,Refugees (incl. refugee-like situations),9104
2014,Dem. Rep. of the Congo, Rwanda,Refugees (incl. refugee-like situations),38028
2013,Dem. Rep. of the Congo, Rwanda,Refugees (incl. refugee-like situations),43674
2014,France, Rwanda,Refugees (incl. refugee-like situations),2833
2013,France, Rwanda,Refugees (incl. refugee-like situations),2840
2013,Malawi, Rwanda,Refugees (incl. refugee-like situations),1935
2014,Malawi, Rwanda,Refugees (incl. refugee-like situations),1980
2013,South Africa, Rwanda,Refugees (incl. refugee-like situations),1366
2014,South Africa, Rwanda,Refugees (incl. refugee-like situations),1814
2013,Uganda, Rwanda,Refugees (incl. refugee-like situations),13376
2014,Uganda, Rwanda,Refugees (incl. refugee-like situations),14312
2014,United States of America, Rwanda,Refugees (incl. refugee-like situations),1020
2014,Zambia, Rwanda,Refugees (incl. refugee-like situations),1904
2013,Zambia, Rwanda,Refugees (incl. refugee-like situations),1995
2013,Canada, Saint Vincent and the Grenadines,Refugees (incl. refugee-like situations),1524
2014,Canada, Saint Vincent and the Grenadines,Refugees (incl. refugee-like situations),1723
2013,Gambia, Senegal,Refugees (incl. refugee-like situations),9025
2014,Gambia, Senegal,Refugees (incl. refugee-like situations),11036
2013,Guinea-Bissau, Senegal,Refugees (incl. refugee-like situations),8445
2014,Guinea-Bissau, Senegal,Refugees (incl. refugee-like situations),8601
2014,Italy, Senegal,Refugees (incl. refugee-like situations),1477
2013,Austria, Serbia and Kosovo (S/RES/1244 (1999)),Refugees (incl. refugee-like situations),3075
2014,Austria, Serbia and Kosovo (S/RES/1244 (1999)),Refugees (incl. refugee-like situations),3075
2013,France, Serbia and Kosovo (S/RES/1244 (1999)),Refugees (incl. refugee-like situations),11738
2014,France, Serbia and Kosovo (S/RES/1244 (1999)),Refugees (incl. refugee-like situations),12119
2013,Germany, Serbia and Kosovo (S/RES/1244 (1999)),Refugees (incl. refugee-like situations),8410
2014,Germany, Serbia and Kosovo (S/RES/1244 (1999)),Refugees (incl. refugee-like situations),9294
2013,Italy, Serbia and Kosovo (S/RES/1244 (1999)),Refugees (incl. refugee-like situations),2673
2014,Italy, Serbia and Kosovo (S/RES/1244 (1999)),Refugees (incl. refugee-like situations),2686
2014,Montenegro, Serbia and Kosovo (S/RES/1244 (1999)),Refugees (incl. refugee-like situations),5633
2013,Montenegro, Serbia and Kosovo (S/RES/1244 (1999)),Refugees (incl. refugee-like situations),6967
2014,Sweden, Serbia and Kosovo (S/RES/1244 (1999)),Refugees (incl. refugee-like situations),3082
2013,Sweden, Serbia and Kosovo (S/RES/1244 (1999)),Refugees (incl. refugee-like situations),3608
2014,Switzerland, Serbia and Kosovo (S/RES/1244 (1999)),Refugees (incl. refugee-like situations),3380
2013,Switzerland, Serbia and Kosovo (S/RES/1244 (1999)),Refugees (incl. refugee-like situations),3542
2014,United States of America, Serbia and Kosovo (S/RES/1244 (1999)),Refugees (incl. refugee-like situations),1596
2013,United States of America, Serbia and Kosovo (S/RES/1244 (1999)),Refugees (incl. refugee-like situations),1695
2013,Austria, Somalia,Refugees (incl. refugee-like situations),2278
2014,Austria, Somalia,Refugees (incl. refugee-like situations),2278
2014,Canada, Somalia,Refugees (incl. refugee-like situations),2821
2013,Canada, Somalia,Refugees (incl. refugee-like situations),3225
2014,Denmark, Somalia,Refugees (incl. refugee-like situations),1134
2013,Djibouti, Somalia,Refugees (incl. refugee-like situations),19169
2014,Djibouti, Somalia,Refugees (incl. refugee-like situations),19720
2014,Egypt, Somalia,Refugees (incl. refugee-like situations),5733
2013,Egypt, Somalia,Refugees (incl. refugee-like situations),6316
2014,Eritrea, Somalia,Refugees (incl. refugee-like situations),2758
2013,Eritrea, Somalia,Refugees (incl. refugee-like situations),3054
2013,Ethiopia, Somalia,Refugees (incl. refugee-like situations),240825
2014,Ethiopia, Somalia,Refugees (incl. refugee-like situations),245097
2013,Finland, Somalia,Refugees (incl. refugee-like situations),2744
2014,Finland, Somalia,Refugees (incl. refugee-like situations),2817
2013,France, Somalia,Refugees (incl. refugee-like situations),1674
2014,France, Somalia,Refugees (incl. refugee-like situations),1896
2013,Germany, Somalia,Refugees (incl. refugee-like situations),3512
2014,Germany, Somalia,Refugees (incl. refugee-like situations),4205
2013,Italy, Somalia,Refugees (incl. refugee-like situations),10846
2014,Italy, Somalia,Refugees (incl. refugee-like situations),12213
2014,Kenya, Somalia,Refugees (incl. refugee-like situations),424691
2013,Kenya, Somalia,Refugees (incl. refugee-like situations),475304
2014,Malta, Somalia,Refugees (incl. refugee-like situations),2270
2013,Malta, Somalia,Refugees (incl. refugee-like situations),5543
2014,Netherlands, Somalia,Refugees (incl. refugee-like situations),18687
2013,Netherlands, Somalia,Refugees (incl. refugee-like situations),18799
2014,Norway, Somalia,Refugees (incl. refugee-like situations),8901
2013,Norway, Somalia,Refugees (incl. refugee-like situations),9275
2013,South Africa, Somalia,Refugees (incl. refugee-like situations),20818
2014,South Africa, Somalia,Refugees (incl. refugee-like situations),40133
2013,Sweden, Somalia,Refugees (incl. refugee-like situations),20613
2014,Sweden, Somalia,Refugees (incl. refugee-like situations),21189
2013,Switzerland, Somalia,Refugees (incl. refugee-like situations),4101
2014,Switzerland, Somalia,Refugees (incl. refugee-like situations),4279
2013,Syrian Arab Rep., Somalia,Refugees (incl. refugee-like situations),1007
2013,Turkey, Somalia,Refugees (incl. refugee-like situations),2153
2014,Turkey, Somalia,Refugees (incl. refugee-like situations),2389
2013,Uganda, Somalia,Refugees (incl. refugee-like situations),13144
2014,Uganda, Somalia,Refugees (incl. refugee-like situations),17010
2014,United Kingdom, Somalia,Refugees (incl. refugee-like situations),8509
2013,United Kingdom, Somalia,Refugees (incl. refugee-like situations),11249
2013,United Rep. of Tanzania, Somalia,Refugees (incl. refugee-like situations),2136
2014,United States of America, Somalia,Refugees (incl. refugee-like situations),2263
2013,United States of America, Somalia,Refugees (incl. refugee-like situations),2310
2013,Yemen, Somalia,Refugees (incl. refugee-like situations),230506
2014,Yemen, Somalia,Refugees (incl. refugee-like situations),244204
2013,Zambia, Somalia,Refugees (incl. refugee-like situations),2216
2014,Zambia, Somalia,Refugees (incl. refugee-like situations),2314
2014,Dem. Rep. of the Congo, South Sudan,Refugees (incl. refugee-like situations),1790
2013,Ethiopia, South Sudan,Refugees (incl. refugee-like situations),71506
2014,Ethiopia, South Sudan,Refugees (incl. refugee-like situations),251791
2013,Kenya, South Sudan,Refugees (incl. refugee-like situations),19930
2014,Kenya, South Sudan,Refugees (incl. refugee-like situations),89226
2014,Sudan, South Sudan,Refugees (incl. refugee-like situations),115451
2013,Uganda, South Sudan,Refugees (incl. refugee-like situations),22510
2014,Uganda, South Sudan,Refugees (incl. refugee-like situations),157053
2013,Australia, Sri Lanka,Refugees (incl. refugee-like situations),3313
2014,Australia, Sri Lanka,Refugees (incl. refugee-like situations),3387
2014,Canada, Sri Lanka,Refugees (incl. refugee-like situations),10745
2013,Canada, Sri Lanka,Refugees (incl. refugee-like situations),12326
2013,France, Sri Lanka,Refugees (incl. refugee-like situations),23762
2014,France, Sri Lanka,Refugees (incl. refugee-like situations),23966
2014,Germany, Sri Lanka,Refugees (incl. refugee-like situations),4046
2013,Germany, Sri Lanka,Refugees (incl. refugee-like situations),4077
2014,India, Sri Lanka,Refugees (incl. refugee-like situations),65057
2013,India, Sri Lanka,Refugees (incl. refugee-like situations),65674
2014,Malaysia, Sri Lanka,Refugees (incl. refugee-like situations),1587
2013,Malaysia, Sri Lanka,Refugees (incl. refugee-like situations),1811
2013,Switzerland, Sri Lanka,Refugees (incl. refugee-like situations),3065
2014,Switzerland, Sri Lanka,Refugees (incl. refugee-like situations),3731
2013,United Kingdom, Sri Lanka,Refugees (incl. refugee-like situations),4398
2014,United Kingdom, Sri Lanka,Refugees (incl. refugee-like situations),4688
2013,United States of America, Sri Lanka,Refugees (incl. refugee-like situations),1318
2014,United States of America, Sri Lanka,Refugees (incl. refugee-like situations),1322
2013,Australia, Stateless,Refugees (incl. refugee-like situations),1689
2014,Australia, Stateless,Refugees (incl. refugee-like situations),1710
2014,Canada, Stateless,Refugees (incl. refugee-like situations),1583
2013,Canada, Stateless,Refugees (incl. refugee-like situations),1708
2014,Denmark, Stateless,Refugees (incl. refugee-like situations),1065
2014,Germany, Stateless,Refugees (incl. refugee-like situations),1559
2014,Netherlands, Stateless,Refugees (incl. refugee-like situations),2079
2013,Norway, Stateless,Refugees (incl. refugee-like situations),2356
2014,Norway, Stateless,Refugees (incl. refugee-like situations),2655
2013,Sweden, Stateless,Refugees (incl. refugee-like situations),8570
2014,Sweden, Stateless,Refugees (incl. refugee-like situations),12476
2014,United Kingdom, Stateless,Refugees (incl. refugee-like situations),1072
2014,Central African Rep., Sudan,Refugees (incl. refugee-like situations),1880
2013,Central African Rep., Sudan,Refugees (incl. refugee-like situations),2172
2013,Chad, Sudan,Refugees (incl. refugee-like situations),352948
2014,Chad, Sudan,Refugees (incl. refugee-like situations),357711
2013,Dem. Rep. of the Congo, Sudan,Refugees (incl. refugee-like situations),2564
2014,Egypt, Sudan,Refugees (incl. refugee-like situations),12730
2013,Egypt, Sudan,Refugees (incl. refugee-like situations),12927
2013,Ethiopia, Sudan,Refugees (incl. refugee-like situations),33582
2014,Ethiopia, Sudan,Refugees (incl. refugee-like situations),35447
2013,France, Sudan,Refugees (incl. refugee-like situations),2430
2014,France, Sudan,Refugees (incl. refugee-like situations),2746
2014,Israel, Sudan,Refugees (incl. refugee-like situations),6588
2013,Israel, Sudan,Refugees (incl. refugee-like situations),12542
2014,Italy, Sudan,Refugees (incl. refugee-like situations),2530
2013,Italy, Sudan,Refugees (incl. refugee-like situations),2574
2014,Jordan, Sudan,Refugees (incl. refugee-like situations),1013
2014,Kenya, Sudan,Refugees (incl. refugee-like situations),3381
2013,Kenya, Sudan,Refugees (incl. refugee-like situations),3907
2014,Netherlands, Sudan,Refugees (incl. refugee-like situations),1062
2013,Netherlands, Sudan,Refugees (incl. refugee-like situations),1160
2013,Norway, Sudan,Refugees (incl. refugee-like situations),1133
2014,Norway, Sudan,Refugees (incl. refugee-like situations),1254
2013,South Sudan, Sudan,Refugees (incl. refugee-like situations),208130
2014,South Sudan, Sudan,Refugees (incl. refugee-like situations),225727
2013,Uganda, Sudan,Refugees (incl. refugee-like situations),1068
2014,Uganda, Sudan,Refugees (incl. refugee-like situations),1802
2013,United Kingdom, Sudan,Refugees (incl. refugee-like situations),3802
2014,United Kingdom, Sudan,Refugees (incl. refugee-like situations),4088
2014,United States of America, Sudan,Refugees (incl. refugee-like situations),1347
2013,United States of America, Sudan,Refugees (incl. refugee-like situations),1364
2013,Armenia, Syrian Arab Rep.,Refugees (incl. refugee-like situations),11090
2014,Armenia, Syrian Arab Rep.,Refugees (incl. refugee-like situations),14994
2013,Austria, Syrian Arab Rep.,Refugees (incl. refugee-like situations),2748
2014,Austria, Syrian Arab Rep.,Refugees (incl. refugee-like situations),2748
2013,Belgium, Syrian Arab Rep.,Refugees (incl. refugee-like situations),1987
2014,Belgium, Syrian Arab Rep.,Refugees (incl. refugee-like situations),2620
2014,Brazil, Syrian Arab Rep.,Refugees (incl. refugee-like situations),1739
2013,Bulgaria, Syrian Arab Rep.,Refugees (incl. refugee-like situations),2104
2014,Bulgaria, Syrian Arab Rep.,Refugees (incl. refugee-like situations),8501
2014,Cyprus, Syrian Arab Rep.,Refugees (incl. refugee-like situations),1451
2013,Denmark, Syrian Arab Rep.,Refugees (incl. refugee-like situations),3271
2014,Denmark, Syrian Arab Rep.,Refugees (incl. refugee-like situations),7253
2013,Egypt, Syrian Arab Rep.,Refugees (incl. refugee-like situations),131659
2014,Egypt, Syrian Arab Rep.,Refugees (incl. refugee-like situations),138381
2013,France, Syrian Arab Rep.,Refugees (incl. refugee-like situations),1474
2014,France, Syrian Arab Rep.,Refugees (incl. refugee-like situations),2882
2013,Germany, Syrian Arab Rep.,Refugees (incl. refugee-like situations),21253
2014,Germany, Syrian Arab Rep.,Refugees (incl. refugee-like situations),40994
2014,Greece, Syrian Arab Rep.,Refugees (incl. refugee-like situations),3913
2013,Iraq, Syrian Arab Rep.,Refugees (incl. refugee-like situations),212809
2014,Iraq, Syrian Arab Rep.,Refugees (incl. refugee-like situations),234196
2014,Italy, Syrian Arab Rep.,Refugees (incl. refugee-like situations),1144
2013,Jordan, Syrian Arab Rep.,Refugees (incl. refugee-like situations),585304
2014,Jordan, Syrian Arab Rep.,Refugees (incl. refugee-like situations),623112
2013,Lebanon, Syrian Arab Rep.,Refugees (incl. refugee-like situations),851284
2014,Lebanon, Syrian Arab Rep.,Refugees (incl. refugee-like situations),1147494
2013,Libya, Syrian Arab Rep.,Refugees (incl. refugee-like situations),16796
2014,Libya, Syrian Arab Rep.,Refugees (incl. refugee-like situations),18653
2014,Malta, Syrian Arab Rep.,Refugees (incl. refugee-like situations),1047
2013,Netherlands, Syrian Arab Rep.,Refugees (incl. refugee-like situations),3404
2014,Netherlands, Syrian Arab Rep.,Refugees (incl. refugee-like situations),8692
2013,Norway, Syrian Arab Rep.,Refugees (incl. refugee-like situations),1311
2014,Norway, Syrian Arab Rep.,Refugees (incl. refugee-like situations),2568
2014,Romania, Syrian Arab Rep.,Refugees (incl. refugee-like situations),1278
2013,Russian Federation, Syrian Arab Rep.,Refugees (incl. refugee-like situations),1163
2014,Russian Federation, Syrian Arab Rep.,Refugees (incl. refugee-like situations),1927
2014,Spain, Syrian Arab Rep.,Refugees (incl. refugee-like situations),1336
2013,Sweden, Syrian Arab Rep.,Refugees (incl. refugee-like situations),17984
2014,Sweden, Syrian Arab Rep.,Refugees (incl. refugee-like situations),34285
2013,Switzerland, Syrian Arab Rep.,Refugees (incl. refugee-like situations),2012
2014,Switzerland, Syrian Arab Rep.,Refugees (incl. refugee-like situations),5161
2013,Turkey, Syrian Arab Rep.,Refugees (incl. refugee-like situations),585601
2014,Turkey, Syrian Arab Rep.,Refugees (incl. refugee-like situations),1557899
2013,United Kingdom, Syrian Arab Rep.,Refugees (incl. refugee-like situations),3169
2014,United Kingdom, Syrian Arab Rep.,Refugees (incl. refugee-like situations),4572
2013,United States of America, Syrian Arab Rep.,Refugees (incl. refugee-like situations),3802
2014,United States of America, Syrian Arab Rep.,Refugees (incl. refugee-like situations),4750
2014,Yemen, Syrian Arab Rep.,Refugees (incl. refugee-like situations),2276
2013,Nepal, Tibetan,Refugees (incl. refugee-like situations),15000
2014,Nepal, Tibetan,Refugees (incl. refugee-like situations),15000
2014,Germany, Togo,Refugees (incl. refugee-like situations),1293
2013,Germany, Togo,Refugees (incl. refugee-like situations),1404
2014,Ghana, Togo,Refugees (incl. refugee-like situations),2926
2013,Ghana, Togo,Refugees (incl. refugee-like situations),3416
2013,Italy, Togo,Refugees (incl. refugee-like situations),1515
2014,Italy, Togo,Refugees (incl. refugee-like situations),1535
2014,United States of America, Togo,Refugees (incl. refugee-like situations),1206
2013,United States of America, Togo,Refugees (incl. refugee-like situations),1648
2013,Austria, Turkey,Refugees (incl. refugee-like situations),1276
2014,Austria, Turkey,Refugees (incl. refugee-like situations),1276
2014,Canada, Turkey,Refugees (incl. refugee-like situations),2863
2013,Canada, Turkey,Refugees (incl. refugee-like situations),3464
2014,France, Turkey,Refugees (incl. refugee-like situations),10699
2013,France, Turkey,Refugees (incl. refugee-like situations),10867
2014,Germany, Turkey,Refugees (incl. refugee-like situations),22242
2013,Germany, Turkey,Refugees (incl. refugee-like situations),24449
2013,Iraq, Turkey,Refugees (incl. refugee-like situations),15496
2014,Iraq, Turkey,Refugees (incl. refugee-like situations),16637
2013,Italy, Turkey,Refugees (incl. refugee-like situations),1988
2014,Italy, Turkey,Refugees (incl. refugee-like situations),2281
2014,Switzerland, Turkey,Refugees (incl. refugee-like situations),3618
2013,Switzerland, Turkey,Refugees (incl. refugee-like situations),3638
2014,United Kingdom, Turkey,Refugees (incl. refugee-like situations),1396
2013,United Kingdom, Turkey,Refugees (incl. refugee-like situations),2348
2014,Dem. Rep. of the Congo, Uganda,Refugees (incl. refugee-like situations),1213
2013,Dem. Rep. of the Congo, Uganda,Refugees (incl. refugee-like situations),2686
2014,United States of America, Uganda,Refugees (incl. refugee-like situations),1178
2013,United States of America, Uganda,Refugees (incl. refugee-like situations),1185
2014,Canada, Ukraine,Refugees (incl. refugee-like situations),1468
2013,Canada, Ukraine,Refugees (incl. refugee-like situations),1605
2014,Russian Federation, Ukraine,Refugees (incl. refugee-like situations),231787
2013,United States of America, Ukraine,Refugees (incl. refugee-like situations),1379
2014,United States of America, Ukraine,Refugees (incl. refugee-like situations),1424
2013,Canada, United States of America,Refugees (incl. refugee-like situations),4451
2014,Canada, United States of America,Refugees (incl. refugee-like situations),4687
2014,Sweden, Uzbekistan,Refugees (incl. refugee-like situations),1481
2013,Sweden, Uzbekistan,Refugees (incl. refugee-like situations),1504
2014,United States of America, Uzbekistan,Refugees (incl. refugee-like situations),1497
2013,United States of America, Uzbekistan,Refugees (incl. refugee-like situations),1596
2013,Belgium, Various/Unknown,Refugees (incl. refugee-like situations),2435
2014,Belgium, Various/Unknown,Refugees (incl. refugee-like situations),3009
2013,Costa Rica, Various/Unknown,Refugees (incl. refugee-like situations),1564
2014,Costa Rica, Various/Unknown,Refugees (incl. refugee-like situations),1564
2013,France, Various/Unknown,Refugees (incl. refugee-like situations),47676
2014,France, Various/Unknown,Refugees (incl. refugee-like situations),60000
2013,Germany, Various/Unknown,Refugees (incl. refugee-like situations),4523
2014,Germany, Various/Unknown,Refugees (incl. refugee-like situations),4526
2014,Netherlands, Various/Unknown,Refugees (incl. refugee-like situations),3339
2013,Netherlands, Various/Unknown,Refugees (incl. refugee-like situations),3558
2013,South Africa, Various/Unknown,Refugees (incl. refugee-like situations),13503
2014,United Kingdom, Various/Unknown,Refugees (incl. refugee-like situations),20015
2013,United Kingdom, Various/Unknown,Refugees (incl. refugee-like situations),25617
2013,United States of America, Various/Unknown,Refugees (incl. refugee-like situations),2173
2014,United States of America, Various/Unknown,Refugees (incl. refugee-like situations),2521
2014,United States of America, Venezuela (Bolivarian Republic of),Refugees (incl. refugee-like situations),6693
2013,United States of America, Venezuela (Bolivarian Republic of),Refugees (incl. refugee-like situations),7156
2013,China, Viet Nam,Refugees (incl. refugee-like situations),300896
2014,China, Viet Nam,Refugees (incl. refugee-like situations),300896
2014,France, Viet Nam,Refugees (incl. refugee-like situations),8281
2013,France, Viet Nam,Refugees (incl. refugee-like situations),8528
2014,Germany, Viet Nam,Refugees (incl. refugee-like situations),1449
2013,Germany, Viet Nam,Refugees (incl. refugee-like situations),1495
2014,Switzerland, Viet Nam,Refugees (incl. refugee-like situations),1203
2013,Switzerland, Viet Nam,Refugees (incl. refugee-like situations),1255
2013,Algeria, Western Sahara,Refugees (incl. refugee-like situations),90000
2014,Algeria, Western Sahara,Refugees (incl. refugee-like situations),90000
2013,Mauritania, Western Sahara,Refugees (incl. refugee-like situations),26001
2014,Mauritania, Western Sahara,Refugees (incl. refugee-like situations),26001
2014,Australia, Zimbabwe,Refugees (incl. refugee-like situations),1020
2014,Canada, Zimbabwe,Refugees (incl. refugee-like situations),2767
2013,Canada, Zimbabwe,Refugees (incl. refugee-like situations),3969
2013,South Africa, Zimbabwe,Refugees (incl. refugee-like situations),1158
2014,South Africa, Zimbabwe,Refugees (incl. refugee-like situations),6217
2014,United Kingdom, Zimbabwe,Refugees (incl. refugee-like situations),9467
2013,United Kingdom, Zimbabwe,Refugees (incl. refugee-like situations),10302
2014,United States of America, Zimbabwe,Refugees (incl. refugee-like situations),1492
2013,United States of America, Zimbabwe,Refugees (incl. refugee-like situations),1711